Total Return,Annualized Return,Max Drawdown,Sharpe Ratio
-0.016336126128299933,-0.008200605148070882,-0.41359701399665794,-0.02937188122699605
